id,date,fk_salon,fk_client,price,rating
0,2000-01-01 02:12:13.000,20,932-263-5048,80.75,2.5
1,2000-01-14 12:25:36.400,13,418-542-9329,64.25,5.0
2,2000-01-19 19:57:40.800,20,278-298-1358,171.25,8.0
3,2000-01-25 02:26:01.200,48,266-998-5646,48.0,7.0
4,2000-02-04 12:02:53.600,47,215-678-5577,13.8,2.5
5,2000-02-11 14:38:23.000,49,809-724-8007,95.25,10.0
6,2000-02-20 10:48:45.400,11,990-505-3792,110.0,3.0
7,2000-03-02 04:15:24.800,18,551-811-1282,882.75,6.5
8,2000-03-02 23:28:10.200,24,469-605-1463,191.975,1.5
9,2000-03-15 19:05:26.600,37,553-073-7598,128.75,7.5
10,2000-03-20 08:21:29.000,38,490-499-4656,63.125,4.0
11,2000-03-31 23:22:35.400,5,600-181-5351,337.25,9.0
12,2000-04-09 05:34:26.800,40,481-919-6553,831.9,3.0
13,2000-04-11 14:01:39.200,9,616-123-4284,68.0,5.5
14,2000-04-24 02:57:41.600,28,289-385-8141,90.25,2.5
15,2000-04-25 18:12:00.000,5,901-873-8611,135.0,7.5
16,2000-05-09 08:02:20.400,7,933-744-5024,54.0,6.5
17,2000-05-13 04:05:33.800,13,397-913-8405,56.9,3.5
18,2000-05-19 19:18:07.200,0,147-488-0989,1485.0,6.0
19,2000-05-27 23:56:32.600,5,200-858-5243,24.9,6.0
20,2000-06-08 19:15:02.000,19,589-883-7023,336.9,5.0
21,2000-06-16 13:41:45.400,34,252-374-8077,81.25,4.5
22,2000-06-24 10:41:40.800,31,168-089-3942,161.6,8.5
23,2000-06-26 01:30:24.200,31,725-925-4777,348.0,6.0
24,2000-07-07 06:36:23.600,14,202-273-5630,170.0,9.0
25,2000-07-15 18:15:05.000,11,506-552-9511,843.0,3.0
26,2000-07-18 22:14:15.400,24,852-348-9194,92.75,7.0
27,2000-07-31 17:56:29.800,42,529-198-8247,76.95,6.5
28,2000-08-06 17:11:33.200,11,635-807-9464,380.0,2.0
29,2000-08-17 02:31:35.600,3,774-828-4870,170.0,7.0
30,2000-08-21 18:37:29.000,3,189-232-0915,362.2,3.5
31,2000-08-27 10:59:48.400,0,212-379-2188,60.875,5.0
32,2000-09-07 09:08:55.800,21,734-046-4929,164.0,5.0
33,2000-09-15 04:26:17.200,44,545-436-1753,74.0,3.5
34,2000-09-24 21:35:55.600,48,314-262-8962,87.75,6.0
35,2000-10-01 19:57:31.000,41,332-162-6561,52.25,6.0
36,2000-10-07 08:24:59.400,7,426-442-1534,197.75,5.5
37,2000-10-16 22:16:45.800,37,551-328-4562,81.75,9.0
38,2000-10-18 22:57:28.200,47,327-183-8704,380.0,2.5
39,2000-10-29 06:41:00.600,31,660-624-7019,71.6,6.5
40,2000-11-04 05:30:12.000,31,262-487-2205,106.21000000000001,3.0
41,2000-11-12 19:47:42.400,20,199-818-5372,336.9,6.0
42,2000-11-22 18:43:58.800,39,554-465-2130,106.9,9.5
43,2000-11-27 06:13:14.200,14,422-579-9950,80.0,8.0
44,2000-12-04 13:16:34.600,24,932-263-5048,198.0,2.5
45,2000-12-16 02:09:20.000,20,708-080-5828,170.0,6.5
46,2000-12-25 16:57:57.400,24,993-969-1741,53.0,5.0
47,2000-12-29 14:46:44.800,37,529-198-8247,81.25,4.5
48,2001-01-10 06:10:09.200,2,792-625-6377,164.0,4.5
49,2001-01-11 02:55:58.600,42,589-658-7492,360.0,3.0
50,2001-01-25 14:47:06.000,42,730-439-5534,348.0,6.5
51,2001-01-26 13:10:42.400,21,350-291-7783,75.75,7.5
52,2001-02-10 06:41:30.800,25,588-531-0551,93.975,6.5
53,2001-02-13 12:56:29.200,20,926-805-1334,111.25,9.0
54,2001-02-21 21:37:49.600,25,115-503-2624,150.0,6.5
55,2001-02-25 22:29:56.000,2,303-966-7023,165.0,8.0
56,2001-03-12 13:11:23.400,14,752-895-2717,46.6,7.0
57,2001-03-13 14:58:54.800,10,884-011-4729,180.25,1.5
58,2001-03-26 07:01:46.200,47,933-164-4896,64.25,4.0
59,2001-04-01 14:07:15.600,40,107-049-9566,128.75,5.5
60,2001-04-08 14:46:42.000,3,943-702-6862,93.8,5.5
61,2001-04-17 01:59:16.400,20,367-572-9573,59.0,4.5
62,2001-04-20 22:36:43.800,14,539-796-4118,108.75,5.5
63,2001-05-02 09:48:39.200,3,616-123-4284,63.96,6.5
64,2001-05-09 03:26:03.600,34,194-542-9067,102.75,8.0
65,2001-05-19 10:06:35.000,5,794-734-8721,118.0,6.0
66,2001-05-23 09:16:11.400,23,822-493-2059,140.25,6.5
67,2001-05-31 04:48:55.800,12,350-795-1039,44.4,5.0
68,2001-06-08 11:43:37.200,1,891-764-8339,37.720000000000006,4.5
69,2001-06-19 12:04:51.600,48,626-229-7531,281.25,4.0
70,2001-06-26 07:58:22.000,2,463-192-6987,35.25,6.0
71,2001-06-29 09:45:36.400,49,724-850-3155,120.25,9.5
72,2001-07-06 17:08:28.800,24,332-162-6561,157.75,5.5
73,2001-07-14 16:37:43.200,39,242-712-4387,220.0,3.5
74,2001-07-25 09:11:58.600,11,852-312-4204,100.0,9.0
75,2001-08-05 07:15:07.000,45,604-977-6562,69.0,5.0
76,2001-08-07 15:17:39.400,10,694-956-8185,56.2,5.5
77,2001-08-19 14:21:03.800,20,408-849-4846,90.0,3.0
78,2001-08-28 03:44:48.200,42,182-041-2861,171.5,6.5
79,2001-08-30 21:28:53.600,36,604-977-6562,1650.0,6.0
80,2001-09-05 16:25:44.000,44,788-957-4051,180.0,3.0
81,2001-09-16 02:10:49.400,9,993-969-1741,157.75,4.5
82,2001-09-27 22:44:59.800,18,730-545-1564,51.75,3.5
83,2001-09-29 19:19:51.200,0,743-766-9524,849.0,7.0
84,2001-10-13 06:38:08.600,28,447-531-3985,220.0,8.5
85,2001-10-19 13:33:42.000,25,556-841-7180,146.9,9.5
86,2001-10-28 01:24:15.400,15,653-663-7720,80.0,6.0
87,2001-11-02 16:50:48.800,43,490-674-5932,55.52,4.5
88,2001-11-09 17:40:55.200,25,830-229-8264,77.0,6.0
89,2001-11-19 12:47:49.600,35,831-070-7458,75.25,4.0
90,2001-11-24 12:56:39.000,40,221-578-0751,128.75,5.0
91,2001-11-30 14:01:23.400,24,163-906-6246,34.5,6.0
92,2001-12-07 00:50:16.800,13,267-078-9646,35.65,6.5
93,2001-12-16 04:21:03.200,44,155-538-0479,157.75,4.5
94,2001-12-22 22:10:05.600,47,839-845-3377,158.0,7.5
95,2002-01-04 08:20:32.000,23,328-529-2220,865.25,6.5
96,2002-01-13 23:10:10.400,13,521-962-6426,33.645,2.5
97,2002-01-18 12:47:44.800,36,942-580-6507,157.75,5.5
98,2002-01-22 17:37:58.200,5,600-181-5351,117.25,9.0
99,2002-02-02 05:59:57.600,49,253-203-7174,690.0,5.5
100,2002-02-13 13:56:51.000,47,302-277-0906,212.0,4.5
101,2002-02-13 21:14:53.400,8,188-301-4008,180.0,8.0
102,2002-02-21 15:34:48.800,21,999-433-0685,158.0,6.0
103,2002-03-06 05:23:59.200,14,212-315-4347,131.25,1.0
104,2002-03-13 20:19:48.600,47,506-552-9511,45.05,6.5
105,2002-03-20 16:02:22.000,8,210-429-9522,336.9,7.0
106,2002-03-31 12:49:02.400,36,175-984-2563,831.9,7.0
107,2002-04-01 20:11:04.800,13,712-502-3319,59.0,5.5
108,2002-04-09 15:48:35.200,32,774-828-4870,700.25,5.0
109,2002-04-22 22:00:52.600,17,136-864-1845,48.0,7.5
110,2002-04-26 00:08:58.000,24,307-658-9775,303.9,1.5
111,2002-05-04 05:57:08.400,42,378-576-7302,45.05,7.5
112,2002-05-16 00:08:09.800,21,674-211-8967,57.5,5.5
113,2002-05-20 01:50:51.200,5,267-056-3771,56.9,4.5
114,2002-05-24 12:11:28.600,24,984-601-6442,142.0,6.0
115,2002-06-06 00:16:03.000,1,490-922-2193,160.0,8.0
116,2002-06-12 19:46:46.400,4,526-220-0112,45.05,8.5
117,2002-06-21 01:02:19.800,8,562-092-1044,81.25,7.0
118,2002-06-25 18:41:19.200,37,197-391-1688,77.0,5.5
119,2002-07-04 12:33:35.600,23,584-978-7206,41.9,4.0
120,2002-07-10 04:34:34.000,14,332-162-6561,67.25,3.5
121,2002-07-24 04:57:10.400,49,350-291-7783,58.25,9.5
122,2002-07-31 00:14:28.800,49,848-093-7081,41.9,6.5
123,2002-08-07 04:13:15.200,33,504-404-1155,130.0,6.5
124,2002-08-15 03:48:47.600,7,469-605-1463,75.0,7.0
125,2002-08-24 06:14:02.000,5,280-233-4915,107.75,2.0
126,2002-08-26 04:22:33.400,17,408-413-6613,192.0,6.0
127,2002-09-03 15:50:00.800,5,101-491-6210,882.75,8.0
128,2002-09-13 07:49:14.200,6,853-152-5606,57.5,6.5
129,2002-09-18 07:18:59.600,22,657-227-4089,67.25,3.0
130,2002-09-30 09:06:43.000,4,470-253-9627,1089.0,5.0
131,2002-10-02 14:54:26.400,9,516-684-0484,52.25,5.0
132,2002-10-14 07:07:00.800,46,712-502-3319,24.15,2.5
133,2002-10-23 15:11:56.200,13,883-852-6314,55.25,8.5
134,2002-10-25 02:03:34.600,35,627-578-1650,170.0,4.5
135,2002-11-03 09:31:22.000,16,451-365-2122,66.225,2.0
136,2002-11-13 07:39:28.400,24,367-572-9573,410.0,8.5
137,2002-11-17 22:00:24.800,33,202-266-4426,41.25,8.5
138,2002-11-26 17:23:54.200,34,191-891-6214,164.0,9.5
139,2002-12-08 20:35:16.600,34,274-854-9454,53.1,6.0
140,2002-12-14 03:21:37.000,12,895-291-4275,82.0,4.0
141,2002-12-22 15:53:08.400,34,683-810-6740,34.5,6.5
142,2002-12-29 17:00:00.800,34,496-157-1659,849.0,5.0
143,2003-01-08 17:21:52.200,34,494-937-7509,93.975,6.5
144,2003-01-12 19:07:59.600,14,267-056-3771,136.0,2.5
145,2003-01-24 11:54:25.000,48,544-931-6915,117.25,4.5
146,2003-01-29 15:58:44.400,13,408-849-4846,137.75,2.5
147,2003-02-03 04:03:54.800,39,125-409-1798,42.0,3.5
148,2003-02-09 16:59:37.200,14,311-109-0321,849.0,4.5
149,2003-02-18 22:40:03.600,4,977-674-6380,115.0,7.0
150,2003-02-26 13:33:56.000,31,984-601-6442,147.0,7.0
151,2003-03-05 13:01:57.400,41,891-343-6694,24.15,5.0
152,2003-03-15 23:53:06.800,11,231-037-4692,365.0,4.5
153,2003-03-24 14:42:40.200,5,556-504-9560,853.75,4.0
154,2003-04-01 09:32:20.600,22,935-681-8292,161.6,9.0
155,2003-04-07 22:17:27.000,47,251-993-4858,63.75,8.5
156,2003-04-16 13:33:43.400,19,559-378-1293,347.25,8.0
157,2003-04-20 03:53:42.800,1,674-211-8967,760.5,1.5
158,2003-05-02 19:01:00.200,8,451-998-4256,125.0,5.0
159,2003-05-05 08:36:17.600,45,630-294-1971,52.25,3.0
160,2003-05-13 14:07:07.000,7,764-124-1912,136.0,3.0
161,2003-05-20 01:51:32.400,21,467-440-0864,115.0,5.0
162,2003-06-03 16:45:51.800,13,788-957-4051,108.75,6.0
163,2003-06-09 01:51:43.200,31,499-231-5661,361.25,2.0
164,2003-06-13 03:41:45.600,47,530-482-4004,22.77,3.0
165,2003-06-20 10:22:35.000,37,390-966-2897,200.0,2.5
166,2003-06-29 23:36:11.400,5,960-555-9427,128.125,5.0
167,2003-07-05 19:13:17.800,31,529-831-1000,58.75,4.0
168,2003-07-19 01:46:01.200,34,694-956-8185,51.0,4.0
169,2003-07-21 08:20:27.600,47,676-260-4530,111.25,9.0
170,2003-07-31 20:56:40.000,36,367-572-9573,430.0,3.5
171,2003-08-07 11:20:37.400,6,451-365-2122,354.0,7.0
172,2003-08-17 07:52:16.800,15,186-112-0706,42.0,6.0
173,2003-08-24 13:41:27.200,10,549-635-2732,123.0,5.0
174,2003-08-31 10:35:27.600,36,539-796-4118,164.0,8.0
175,2003-09-09 09:32:56.000,19,730-439-5534,70.25,7.5
176,2003-09-18 11:23:24.400,8,491-809-1838,78.125,5.5
177,2003-09-20 11:35:58.800,41,590-609-4258,49.0,4.5
178,2003-10-03 12:11:50.200,22,189-232-0915,67.25,5.0
179,2003-10-08 18:19:33.600,49,697-410-0242,336.9,7.0
180,2003-10-18 23:17:30.000,34,210-429-9522,41.9,4.5
181,2003-10-23 21:38:28.400,24,116-895-8825,34.5,1.5
182,2003-10-29 09:34:03.800,43,162-542-1920,55.25,6.0
183,2003-11-12 08:52:54.200,19,776-884-5520,150.0,7.5
184,2003-11-14 11:47:49.600,2,559-775-7144,120.25,9.0
185,2003-11-26 02:55:06.000,19,933-164-4896,57.5,9.0
186,2003-11-30 08:28:21.400,46,350-291-7783,965.0,7.0
187,2003-12-09 04:03:55.800,31,696-408-8608,49.5,5.5
188,2003-12-20 00:13:32.200,39,327-858-7659,206.0,1.5
189,2003-12-23 14:55:41.600,46,901-873-8611,45.0,5.0
190,2003-12-31 02:49:47.000,7,727-966-0828,172.0,4.5
191,2004-01-11 14:09:05.400,7,243-845-6140,43.125,4.0
192,2004-01-13 06:32:58.800,19,545-760-7797,147.75,3.5
193,2004-01-26 18:05:15.200,23,623-562-3459,175.0,3.5
194,2004-02-01 18:31:48.600,36,600-181-5351,843.0,10.0
195,2004-02-06 04:04:21.000,34,848-542-0673,81.75,1.5
196,2004-02-18 10:05:43.400,3,658-393-4046,84.75,7.0
197,2004-02-23 02:16:48.800,25,290-960-3858,387.75,5.5
198,2004-03-02 19:50:34.200,2,831-070-7458,56.9,5.5
199,2004-03-10 13:03:14.600,47,320-444-3329,98.0,6.5
200,2004-03-18 12:29:26.000,43,531-808-4259,6.9,9.0
201,2004-03-24 14:58:24.400,20,252-374-8077,825.0,8.0
202,2004-03-30 21:42:10.800,0,801-603-4272,31.25,8.0
203,2004-04-10 15:24:42.200,24,208-991-2661,13.8,7.0
204,2004-04-17 02:12:54.600,8,658-393-4046,28.75,1.0
205,2004-04-25 00:52:03.000,38,708-577-4608,28.75,4.0
206,2004-05-04 14:27:46.400,13,554-197-6408,24.0,4.0
207,2004-05-13 08:50:58.800,8,408-849-4846,140.0,7.0
208,2004-05-16 11:08:49.200,34,895-291-4275,6.9,2.0
209,2004-05-29 03:12:47.600,37,637-873-4099,825.0,9.0
210,2004-06-05 05:37:44.000,20,302-277-0906,264.0,6.0
211,2004-06-14 02:55:07.400,38,231-037-4692,57.75,4.0
212,2004-06-17 22:03:20.800,19,414-741-7004,31.25,2.0
213,2004-06-26 10:11:22.200,39,243-845-6140,140.0,1.0
214,2004-07-05 04:18:13.600,48,547-492-3170,5.5200000000000005,10.0
215,2004-07-07 14:25:42.000,39,553-073-7598,31.25,6.0
216,2004-07-16 19:42:54.400,3,653-663-7720,112.0,6.0
217,2004-07-27 18:28:52.800,23,256-237-4537,30.0,1.0
218,2004-08-03 17:56:10.200,47,197-296-5290,31.25,3.0
219,2004-08-13 03:01:22.600,12,153-194-6680,57.75,4.0
220,2004-08-17 05:38:36.000,20,229-297-9879,31.25,8.0
221,2004-08-29 12:26:02.400,6,407-978-0462,6.210000000000001,1.0
222,2004-09-05 19:26:04.800,19,774-828-4870,16.2,3.0
223,2004-09-10 03:53:28.200,21,992-348-0202,17.25,3.0
224,2004-09-14 19:24:27.600,36,763-020-7554,36.225,6.0
225,2004-09-29 11:49:48.000,40,696-838-5876,35.0,10.0
226,2004-10-04 23:12:45.400,38,135-831-7751,80.0,7.0
227,2004-10-10 00:50:21.800,37,368-466-8873,6.210000000000001,6.0
228,2004-10-21 14:34:12.200,2,378-576-7302,28.0,3.0
229,2004-10-27 07:03:36.600,3,651-273-0891,40.25,7.0
230,2004-11-03 21:08:06.000,34,464-215-6694,50.0,7.0
231,2004-11-10 06:22:28.400,13,683-810-6740,5.5200000000000005,7.0
232,2004-11-21 09:42:27.800,5,270-811-0591,57.75,4.0
233,2004-11-27 09:12:45.200,10,808-398-5152,28.125,10.0
234,2004-12-07 04:46:51.600,23,676-260-4530,24.0,7.0
235,2004-12-15 00:56:19.000,41,521-962-6426,17.25,4.0
236,2004-12-20 10:26:35.400,2,554-221-1309,100.0,8.0
237,2004-12-28 21:28:35.800,1,826-213-6047,35.0,3.0
238,2005-01-03 02:48:03.200,5,210-429-9522,57.75,5.0
239,2005-01-13 17:42:00.600,34,651-273-0891,72.0,9.0
240,2005-01-17 12:36:49.000,32,926-805-1334,31.25,10.0
241,2005-01-28 23:43:56.400,31,980-779-1947,24.0,2.0
242,2005-01-31 04:19:18.800,13,514-629-5037,35.0,8.0
243,2005-02-07 10:01:32.200,13,767-411-6326,140.0,7.0
244,2005-02-15 14:01:21.600,47,988-076-8336,31.25,9.0
245,2005-03-01 08:59:59.000,47,879-694-6194,100.0,3.0
246,2005-03-08 03:34:13.400,12,941-890-2211,31.25,3.0
247,2005-03-11 20:55:55.800,20,584-069-4864,50.0,8.0
248,2005-03-23 07:50:22.200,40,968-634-3043,17.25,2.0
249,2005-03-26 10:16:21.600,47,493-356-2698,31.25,1.0
250,2005-04-04 13:38:16.000,20,212-379-2188,6.9,2.0
251,2005-04-10 20:51:23.400,22,490-499-4656,825.0,3.0
252,2005-04-21 02:03:16.800,13,884-011-4729,330.0,5.0
253,2005-04-27 13:02:34.200,22,347-561-0842,330.0,4.0
254,2005-05-03 16:50:27.600,48,841-185-8167,80.0,9.0
255,2005-05-15 10:10:29.000,8,297-977-5680,825.0,1.0
256,2005-05-24 10:17:46.400,30,162-542-1920,18.0,6.0
257,2005-05-30 16:31:44.800,11,904-917-2098,50.0,1.0
258,2005-06-09 18:01:28.200,1,367-572-9573,100.0,4.0
259,2005-06-11 21:38:16.600,16,663-578-5508,297.0,7.0
260,2005-06-21 14:16:30.000,19,136-864-1845,57.75,6.0
261,2005-06-26 00:47:48.400,30,452-940-7907,35.0,5.0
262,2005-07-07 23:28:47.800,25,212-379-2188,28.75,4.0
263,2005-07-14 16:12:05.200,19,407-978-0462,100.0,2.0
264,2005-07-19 13:40:40.600,10,545-436-1753,6.210000000000001,6.0
265,2005-08-02 06:31:54.000,39,444-487-2730,140.0,1.0
266,2005-08-02 16:54:14.400,7,825-440-8350,18.0,8.0
267,2005-08-15 21:32:07.800,7,792-625-6377,330.0,4.0
268,2005-08-20 01:16:05.200,21,761-731-6335,80.0,3.0
269,2005-08-26 06:45:52.600,6,208-991-2661,6.9,5.0
270,2005-09-08 06:35:20.000,16,545-436-1753,80.0,9.0
271,2005-09-12 13:41:48.400,13,361-022-0738,140.0,9.0
272,2005-09-23 10:51:49.800,2,373-828-8136,35.0,4.0
273,2005-09-28 11:46:55.200,38,536-028-4365,28.75,10.0
274,2005-10-02 20:35:47.600,0,390-966-2897,50.0,6.0
275,2005-10-13 03:51:45.000,46,451-365-2122,17.25,2.0
276,2005-10-24 21:12:50.400,16,150-173-2345,35.0,3.0
277,2005-11-01 14:25:04.800,2,695-417-9406,825.0,6.0
278,2005-11-02 17:22:43.200,5,727-472-2839,57.75,6.0
279,2005-11-12 11:08:13.600,45,136-864-1845,264.0,5.0
280,2005-11-22 07:27:35.000,12,180-668-6192,50.0,4.0
281,2005-12-01 14:00:15.400,4,980-779-1947,50.0,10.0
282,2005-12-07 13:09:16.800,35,931-647-3774,35.0,9.0
283,2005-12-16 11:11:44.200,41,935-681-8292,18.0,2.0
284,2005-12-20 20:15:32.600,2,588-072-9538,13.8,9.0
285,2006-01-02 19:18:30.000,23,600-181-5351,35.0,9.0
286,2006-01-09 03:14:53.400,34,725-925-4777,57.75,6.0
287,2006-01-12 09:55:26.800,7,135-844-4485,35.0,6.0
288,2006-01-18 11:44:54.200,17,428-514-7933,297.0,8.0
289,2006-01-26 11:21:25.600,2,529-831-1000,825.0,3.0
290,2006-02-02 21:46:02.000,13,414-340-3398,80.0,4.0
291,2006-02-11 02:04:26.400,33,242-712-4387,330.0,9.0
292,2006-02-22 02:13:43.800,11,178-630-2783,80.0,10.0
293,2006-02-27 06:02:41.200,39,433-738-7780,28.75,4.0
294,2006-03-09 00:10:24.600,43,469-950-6483,742.5,2.0
295,2006-03-17 19:37:43.000,3,143-365-0067,825.0,8.0
296,2006-03-24 20:36:22.400,47,191-891-6214,40.25,6.0
297,2006-03-31 20:22:52.800,31,433-091-7154,19.200000000000003,7.0
298,2006-04-05 01:10:32.200,2,552-016-7528,100.0,7.0
299,2006-04-18 05:53:10.600,36,609-012-0702,16.2,6.0
300,2006-04-27 05:06:27.000,5,391-494-5776,35.0,5.0
301,2006-05-01 09:26:25.400,19,709-840-5862,64.0,8.0
302,2006-05-11 00:42:56.800,42,573-144-9892,51.975,4.0
303,2006-05-13 20:46:29.200,47,871-150-3399,30.0,2.0
304,2006-05-22 06:02:34.600,20,125-409-1798,57.75,5.0
305,2006-06-04 04:31:38.000,22,457-225-1376,140.0,3.0
306,2006-06-07 09:04:43.400,17,189-064-4275,13.8,5.0
307,2006-06-15 08:08:58.800,17,389-385-7849,30.0,1.0
308,2006-06-25 05:56:22.200,10,481-919-6553,15.525,10.0
309,2006-06-29 00:59:01.600,23,830-229-8264,40.25,5.0
310,2006-07-08 05:01:43.000,37,888-352-2913,30.0,2.0
311,2006-07-21 06:16:36.400,49,995-867-6840,46.2,1.0
312,2006-07-28 01:18:06.800,49,552-016-7528,80.0,7.0
313,2006-07-30 06:18:51.200,10,350-795-1039,50.0,2.0
314,2006-08-11 17:33:59.600,21,663-578-5508,30.0,4.0
315,2006-08-18 22:14:27.000,23,531-965-5524,31.5,7.0
316,2006-08-24 03:01:37.400,21,883-852-6314,40.25,9.0
317,2006-08-30 20:10:00.800,22,155-232-0236,51.975,1.0
318,2006-09-09 05:23:07.200,40,107-049-9566,80.0,2.0
319,2006-09-17 23:58:01.600,22,229-297-9879,140.0,9.0
320,2006-09-26 05:24:25.000,31,149-223-6142,57.75,8.0
321,2006-09-30 20:20:59.400,14,286-184-0334,742.5,10.0
322,2006-10-08 07:26:50.800,20,634-811-2387,27.0,10.0
323,2006-10-17 02:35:53.200,19,627-578-1650,15.525,1.0
324,2006-10-25 05:47:07.600,18,499-231-5661,24.0,5.0
325,2006-10-31 04:47:46.000,25,615-940-9612,31.25,3.0
326,2006-11-12 13:04:38.400,44,347-713-8953,31.25,2.0
327,2006-11-15 15:21:54.800,6,367-572-9573,6.9,5.0
328,2006-11-23 23:24:27.200,17,278-889-4055,140.0,8.0
329,2006-12-02 14:47:05.600,39,975-368-5438,100.0,1.0
330,2006-12-13 11:27:05.000,32,992-348-0202,80.0,10.0
331,2006-12-19 22:33:52.400,39,384-987-9163,330.0,5.0
332,2006-12-23 11:59:08.800,31,736-562-2131,825.0,3.0
333,2007-01-02 07:03:06.200,37,575-261-7320,825.0,7.0
334,2007-01-07 19:17:31.600,47,659-106-8203,6.9,5.0
335,2007-01-16 06:23:38.000,36,547-492-3170,57.75,9.0
336,2007-01-26 09:37:23.400,19,199-818-5372,16.2,3.0
337,2007-02-02 12:29:07.800,23,389-385-7849,50.0,3.0
338,2007-02-12 03:08:14.200,19,285-380-8243,35.0,8.0
339,2007-02-18 04:00:18.600,35,725-925-4777,80.0,2.0
340,2007-02-24 15:36:35.000,12,216-315-1427,19.200000000000003,7.0
341,2007-03-05 04:03:07.400,39,267-056-3771,72.0,9.0
342,2007-03-09 03:12:11.800,40,812-799-2221,100.0,6.0
343,2007-03-17 13:23:36.200,2,575-261-7320,35.0,9.0
344,2007-03-23 20:30:40.600,1,470-253-9627,330.0,9.0
345,2007-04-06 17:01:43.000,7,807-034-3972,140.0,6.0
346,2007-04-08 20:14:09.400,7,189-064-4275,330.0,8.0
347,2007-04-19 01:57:02.800,6,954-852-1491,35.0,7.0
348,2007-04-24 20:25:08.200,25,242-712-4387,35.0,6.0
349,2007-05-02 13:45:57.600,40,696-408-8608,140.0,2.0
350,2007-05-14 01:35:27.000,37,453-624-0316,30.0,9.0
351,2007-05-23 15:07:11.400,38,242-712-4387,28.75,1.0
352,2007-05-26 04:58:57.800,26,585-056-7974,40.25,9.0
353,2007-06-01 19:24:25.200,19,307-083-2141,80.0,8.0
354,2007-06-15 22:39:07.600,27,559-378-1293,40.25,9.0
355,2007-06-23 00:46:30.000,25,571-100-4551,140.0,4.0
356,2007-06-29 11:10:26.400,18,941-890-2211,330.0,4.0
357,2007-07-08 03:18:55.800,24,232-067-5977,18.0,8.0
358,2007-07-16 09:29:35.200,46,637-873-4099,825.0,7.0
359,2007-07-19 17:45:10.600,46,991-870-6721,30.0,2.0
360,2007-07-25 20:47:51.000,22,573-144-9892,50.0,6.0
361,2007-08-03 01:21:05.400,7,916-865-0554,35.0,4.0
362,2007-08-09 11:29:24.800,31,452-940-7907,17.25,9.0
363,2007-08-22 04:33:26.200,49,590-609-4258,35.0,10.0
364,2007-08-31 19:21:46.600,0,307-083-2141,24.0,9.0
365,2007-09-08 08:13:55.000,31,637-873-4099,6.9,5.0
366,2007-09-14 07:51:06.400,8,903-236-0766,35.0,6.0
367,2007-09-16 13:35:13.800,40,711-048-1551,57.75,10.0
368,2007-09-25 15:58:56.200,13,391-201-5289,31.25,10.0
369,2007-10-07 03:33:13.600,35,995-867-6840,35.0,8.0
370,2007-10-15 18:51:00.000,48,350-795-1039,24.0,3.0
371,2007-10-20 17:55:11.400,7,868-170-0087,57.75,9.0
372,2007-10-28 20:07:43.800,12,428-514-7933,50.0,5.0
373,2007-11-06 08:42:08.200,22,568-833-2942,28.75,5.0
374,2007-11-12 16:31:12.600,44,556-504-9560,18.0,9.0
375,2007-11-17 02:09:02.000,13,609-612-5090,40.25,3.0
376,2007-12-01 06:34:12.400,35,653-663-7720,6.9,2.0
377,2007-12-05 13:42:37.800,36,350-795-1039,100.0,4.0
378,2007-12-12 05:04:31.200,17,920-249-9540,40.0,1.0
379,2007-12-24 15:03:31.600,45,751-915-8500,140.0,3.0
380,2007-12-27 06:50:41.000,23,270-163-1210,80.0,5.0
381,2008-01-06 16:09:47.400,42,267-056-3771,17.25,1.0
382,2008-01-16 20:07:59.800,9,481-919-6553,35.0,5.0
383,2008-01-21 07:52:50.200,15,494-937-7509,32.2,3.0
384,2008-01-27 12:53:32.600,16,253-203-7174,31.25,2.0
385,2008-02-06 15:29:28.000,35,925-520-8209,30.0,5.0
386,2008-02-15 16:03:09.400,7,839-364-8787,15.525,3.0
387,2008-02-20 15:13:12.800,9,578-112-6285,50.0,7.0
388,2008-02-27 00:38:13.200,11,102-120-9470,330.0,6.0
389,2008-03-08 07:11:14.600,39,920-249-9540,100.0,9.0
390,2008-03-13 13:07:17.000,35,637-873-4099,140.0,6.0
391,2008-03-18 21:36:07.400,6,176-057-2994,35.0,5.0
392,2008-03-28 22:38:52.800,13,617-873-7896,27.0,9.0
393,2008-04-06 08:36:26.200,20,408-413-6613,80.0,7.0
394,2008-04-14 04:16:02.600,23,186-112-0706,30.0,10.0
395,2008-04-24 21:26:02.000,11,346-009-9744,45.0,9.0
396,2008-04-27 14:27:30.400,43,360-146-5268,51.975,3.0
397,2008-05-06 16:23:30.800,13,467-440-0864,17.25,7.0
398,2008-05-16 17:00:15.200,8,852-312-4204,140.0,6.0
399,2008-05-24 22:45:24.600,47,343-499-8729,28.75,10.0
400,2008-05-28 12:23:52.000,16,635-807-9464,50.0,6.0
401,2008-06-09 19:27:29.400,5,184-062-4721,100.0,4.0
402,2008-06-13 08:12:21.800,32,841-514-0733,80.0,10.0
403,2008-06-25 15:49:14.200,23,183-801-8146,25.0,9.0
404,2008-06-30 04:54:33.600,16,576-956-0061,5.5200000000000005,10.0
405,2008-07-09 18:19:54.000,37,635-807-9464,17.25,6.0
406,2008-07-14 00:56:59.400,13,490-922-2193,46.2,8.0
407,2008-07-22 05:09:17.800,39,944-994-6993,80.0,5.0
408,2008-07-30 10:41:01.200,20,828-575-5713,31.25,1.0
409,2008-08-03 19:31:49.600,22,193-702-2535,31.25,10.0
410,2008-08-16 22:08:25.000,11,511-005-1310,100.0,6.0
411,2008-08-25 06:43:05.400,2,120-577-3239,21.6,4.0
412,2008-08-29 08:18:56.800,45,325-507-9874,80.0,6.0
413,2008-09-07 19:55:27.200,28,116-895-8825,80.0,9.0
414,2008-09-14 13:34:46.600,40,826-213-6047,24.0,9.0
415,2008-09-23 09:46:38.000,39,395-120-3478,31.25,1.0
416,2008-09-26 10:53:30.400,9,562-092-1044,40.25,2.0
417,2008-10-05 21:23:48.800,24,992-737-5039,18.0,3.0
418,2008-10-16 21:31:44.200,0,179-629-1046,40.25,4.0
419,2008-10-20 00:20:11.600,1,812-799-2221,30.0,4.0
420,2008-10-30 04:13:45.000,24,460-890-0900,64.0,3.0
421,2008-11-08 20:11:04.400,32,360-146-5268,72.0,10.0
422,2008-11-11 22:55:27.800,7,451-365-2122,18.0,6.0
423,2008-11-20 07:14:41.200,33,490-674-5932,140.0,2.0
424,2008-12-01 21:51:55.600,17,623-199-7594,6.9,6.0
425,2008-12-06 07:46:51.000,38,944-994-6993,18.0,6.0
426,2008-12-18 09:21:57.400,34,646-637-3520,16.2,7.0
427,2008-12-24 23:19:42.800,5,274-854-9454,660.0,6.0
428,2008-12-27 20:27:24.200,34,788-957-4051,31.25,4.0
429,2009-01-06 17:03:03.600,6,992-737-5039,35.0,9.0
430,2009-01-14 10:18:32.000,5,350-795-1039,30.0,6.0
431,2009-01-26 15:16:02.400,38,516-684-0484,18.0,8.0
432,2009-02-03 10:31:27.800,45,554-197-6408,24.0,9.0
433,2009-02-04 07:46:53.200,24,575-261-7320,17.25,1.0
434,2009-02-17 15:46:35.600,25,990-505-3792,35.0,8.0
435,2009-02-24 13:21:22.000,36,767-411-6326,25.875,5.0
436,2009-03-05 17:36:47.400,34,292-695-2808,57.75,3.0
437,2009-03-13 12:18:32.800,22,992-908-5597,80.0,3.0
438,2009-03-13 21:36:56.200,22,734-046-4929,18.0,3.0
439,2009-03-22 03:55:06.600,18,554-465-2130,35.0,10.0
440,2009-04-04 15:17:38.000,8,724-850-3155,57.75,10.0
441,2009-04-11 11:50:24.400,20,562-092-1044,40.25,3.0
442,2009-04-15 12:21:46.800,44,244-261-6450,40.25,8.0
443,2009-04-24 19:09:29.200,16,418-542-9329,30.0,7.0
444,2009-05-02 10:20:09.600,42,980-098-5516,27.0,9.0
445,2009-05-12 21:50:46.000,26,462-068-5480,27.0,2.0
446,2009-05-17 23:41:20.400,13,674-429-1197,72.0,10.0
447,2009-05-24 08:52:15.800,21,189-064-4275,6.9,2.0
448,2009-06-03 12:27:12.200,5,940-383-0156,31.25,3.0
449,2009-06-13 12:34:08.600,17,589-658-7492,330.0,5.0
450,2009-06-14 05:41:18.000,5,751-915-8500,6.9,4.0
451,2009-06-26 06:12:46.400,44,571-100-4551,31.25,3.0
452,2009-06-29 10:20:01.800,4,561-520-7183,57.75,4.0
453,2009-07-13 18:53:22.200,24,607-393-6912,25.0,5.0
454,2009-07-16 05:25:21.600,8,107-253-5669,50.0,6.0
455,2009-07-28 13:24:50.000,0,977-674-6380,126.0,4.0
456,2009-08-03 20:00:16.400,11,999-433-0685,35.0,6.0
457,2009-08-10 07:57:22.800,17,224-610-1693,330.0,6.0
458,2009-08-18 00:06:49.200,43,774-828-4870,17.25,2.0
459,2009-08-29 11:04:38.600,7,841-514-0733,28.125,10.0
460,2009-09-05 06:34:23.000,36,117-531-2838,5.5200000000000005,1.0
461,2009-09-13 05:37:48.400,34,551-328-4562,24.0,8.0
462,2009-09-20 08:07:16.800,0,776-884-5520,825.0,10.0
463,2009-09-26 23:22:47.200,31,563-260-7875,50.0,8.0
464,2009-09-29 12:31:17.600,15,499-231-5661,17.25,4.0
465,2009-10-11 06:29:14.000,35,312-638-3363,30.0,5.0
466,2009-10-16 05:24:43.400,8,545-760-7797,100.0,6.0
467,2009-10-24 02:35:06.800,1,414-340-3398,24.0,9.0
468,2009-11-05 03:38:08.200,12,514-629-5037,35.0,8.0
469,2009-11-11 18:12:01.600,3,216-139-8989,21.6,6.0
470,2009-11-17 22:55:29.000,47,347-561-0842,31.25,5.0
471,2009-11-27 07:36:43.400,36,884-011-4729,140.0,10.0
472,2009-12-03 20:21:26.800,34,107-049-9566,140.0,8.0
473,2009-12-08 08:38:48.200,40,176-057-2994,31.25,8.0
474,2009-12-20 21:20:38.600,47,153-194-6680,32.2,1.0
475,2009-12-26 17:22:15.000,23,221-578-0751,80.0,6.0
476,2010-01-05 23:31:33.400,7,987-413-3017,30.0,6.0
477,2010-01-12 10:13:28.800,5,944-994-6993,46.2,6.0
478,2010-01-19 16:23:59.200,13,615-940-9612,50.0,5.0
479,2010-01-29 00:59:05.600,19,233-830-3203,24.0,2.0
480,2010-02-03 03:58:24.000,24,202-273-5630,6.9,2.0
481,2010-02-10 00:07:41.400,46,197-296-5290,6.9,4.0
482,2010-02-14 15:18:33.800,26,879-694-6194,50.0,2.0
483,2010-02-26 20:31:54.200,20,623-562-3459,80.0,10.0
484,2010-03-03 23:10:49.600,37,921-682-2035,57.75,10.0
485,2010-03-13 01:53:13.000,23,101-491-6210,140.0,2.0
486,2010-03-20 20:02:43.400,1,730-439-5534,18.0,7.0
487,2010-03-27 01:06:19.800,35,462-068-5480,100.0,6.0
488,2010-04-08 22:20:00.200,2,366-671-1393,17.25,8.0
489,2010-04-11 21:29:27.600,0,105-932-5648,17.25,8.0
490,2010-04-18 12:26:58.000,5,584-069-4864,40.25,6.0
491,2010-05-02 00:57:30.400,45,858-060-5068,31.25,8.0
492,2010-05-09 00:33:26.800,44,274-854-9454,100.0,4.0
493,2010-05-15 12:11:14.200,31,573-144-9892,32.2,7.0
494,2010-05-23 13:38:55.600,7,975-368-5438,24.0,9.0
495,2010-05-25 16:58:59.000,46,584-069-4864,45.0,9.0
496,2010-06-07 15:29:47.400,23,176-057-2994,297.0,7.0
497,2010-06-11 19:21:50.800,17,181-422-9687,90.0,7.0
498,2010-06-18 18:54:58.200,9,888-352-2913,50.0,3.0
499,2010-06-30 13:16:37.600,2,175-266-2402,40.25,1.0
500,2010-07-07 02:00:08.000,42,490-922-2193,80.0,4.0
501,2010-07-16 22:57:43.400,13,167-819-3496,100.0,1.0
502,2010-07-21 06:27:14.800,46,724-850-3155,31.5,9.0
503,2010-07-26 05:54:48.200,47,327-183-8704,100.0,1.0
504,2010-08-07 10:07:31.600,9,613-283-0920,28.75,5.0
505,2010-08-13 18:36:06.000,23,653-663-7720,40.25,7.0
506,2010-08-18 17:33:29.400,23,653-663-7720,112.0,6.0
507,2010-08-29 01:15:40.800,20,227-343-6911,31.25,3.0
508,2010-09-06 13:47:44.200,49,418-542-9329,825.0,3.0
509,2010-09-10 14:00:14.600,46,789-889-0638,28.75,9.0
510,2010-09-17 18:19:25.000,16,530-482-4004,31.25,2.0
511,2010-09-27 01:05:53.400,17,725-215-1701,40.0,8.0
512,2010-10-04 15:25:12.800,24,639-596-4329,18.0,1.0
513,2010-10-14 10:26:01.200,47,373-828-8136,17.25,8.0
514,2010-10-22 22:28:33.600,42,163-906-6246,27.0,6.0
515,2010-10-29 02:51:59.000,48,231-037-4692,6.9,9.0
516,2010-11-07 04:47:29.400,36,390-966-2897,100.0,10.0
517,2010-11-11 06:13:25.800,8,568-833-2942,24.0,7.0
518,2010-11-23 19:35:36.200,47,793-154-2081,126.0,4.0
519,2010-11-27 17:40:20.600,33,850-781-6544,80.0,5.0
520,2010-12-04 08:21:22.000,21,210-429-9522,24.0,8.0
521,2010-12-16 15:39:53.400,20,350-795-1039,45.0,4.0
522,2010-12-21 21:38:37.800,47,115-503-2624,140.0,3.0
523,2010-12-26 01:44:10.200,21,904-767-8788,264.0,2.0
524,2011-01-02 21:19:13.600,6,657-954-0489,140.0,10.0
525,2011-01-17 00:09:29.000,42,867-666-8548,5.5200000000000005,10.0
526,2011-01-19 05:01:07.400,22,904-767-8788,57.75,1.0
527,2011-02-01 15:26:08.800,39,135-844-4485,30.0,6.0
528,2011-02-06 23:17:30.200,47,556-841-7180,31.25,4.0
529,2011-02-14 03:50:27.600,37,418-220-0663,18.0,1.0
530,2011-02-21 12:25:42.000,45,696-408-8608,35.0,4.0
531,2011-03-01 01:16:51.400,0,267-056-3771,21.6,8.0
532,2011-03-06 05:09:00.800,37,286-184-0334,100.0,10.0
533,2011-03-16 11:55:40.200,7,667-074-8124,28.75,6.0
534,2011-03-22 19:49:03.600,13,267-078-9646,24.0,3.0
535,2011-03-31 01:10:01.000,23,302-277-0906,100.0,7.0
536,2011-04-06 17:19:36.400,33,616-123-4284,6.9,10.0
537,2011-04-13 19:48:49.800,44,561-520-7183,825.0,3.0
538,2011-04-22 22:12:14.200,47,125-409-1798,57.75,9.0
539,2011-04-27 23:43:44.600,11,495-350-8307,140.0,4.0
540,2011-05-09 11:43:57.000,16,551-811-1282,30.0,2.0
541,2011-05-20 03:40:39.400,42,683-810-6740,80.0,10.0
542,2011-05-24 19:22:54.800,42,675-902-9107,28.125,7.0
543,2011-06-04 03:41:24.200,11,657-954-0489,32.2,9.0
544,2011-06-10 20:09:21.600,38,558-723-6418,330.0,5.0
545,2011-06-15 16:53:33.000,5,105-932-5648,31.25,10.0
546,2011-06-24 21:26:02.400,5,423-557-3499,30.0,4.0
547,2011-07-03 07:41:37.800,31,948-503-4414,45.0,10.0
548,2011-07-10 09:40:30.200,0,526-220-0112,35.0,8.0
549,2011-07-19 13:08:39.600,14,302-277-0906,17.25,6.0
550,2011-07-26 00:33:53.000,12,623-199-7594,18.0,5.0
551,2011-07-31 03:58:30.400,33,470-253-9627,31.25,9.0
552,2011-08-08 04:29:04.800,12,575-261-7320,28.75,8.0
553,2011-08-20 11:37:53.200,47,681-501-4163,35.0,10.0
554,2011-08-28 07:40:32.600,13,490-922-2193,50.0,4.0
555,2011-09-01 12:38:45.000,0,916-865-0554,17.25,9.0
556,2011-09-12 00:20:19.400,3,135-831-7751,14.4,10.0
557,2011-09-13 15:54:11.800,25,674-429-1197,6.9,5.0
558,2011-09-26 09:08:20.200,34,585-385-5352,21.6,1.0
559,2011-09-29 12:15:59.600,3,490-783-9689,40.0,2.0
560,2011-10-10 22:50:00.000,21,607-725-4267,18.0,1.0
561,2011-10-15 13:02:32.400,11,150-765-1579,17.25,10.0
562,2011-10-25 16:08:40.800,42,202-720-1871,28.75,10.0
563,2011-10-31 02:42:49.200,13,549-635-2732,13.8,1.0
564,2011-11-12 19:03:52.600,26,554-465-2130,100.0,7.0
565,2011-11-18 06:32:01.000,37,556-504-9560,80.0,6.0
566,2011-11-24 11:58:58.400,9,663-578-5508,100.0,8.0
567,2011-12-05 23:53:51.800,22,428-514-7933,32.2,7.0
568,2011-12-07 02:58:02.200,39,727-966-0828,330.0,1.0
569,2011-12-15 19:31:52.600,36,408-413-6613,35.0,10.0
570,2011-12-27 05:08:26.000,6,604-977-6562,126.0,9.0
571,2012-01-01 17:08:03.400,10,310-085-8726,6.9,2.0
572,2012-01-10 18:29:30.800,39,431-272-8848,35.0,9.0
573,2012-01-16 14:51:51.200,37,340-995-1029,100.0,5.0
574,2012-01-26 23:37:26.600,34,793-154-2081,27.0,1.0
575,2012-01-30 04:34:32.000,30,582-736-7729,6.9,8.0
576,2012-02-09 17:39:27.400,24,942-580-6507,31.25,9.0
577,2012-02-13 15:21:20.800,13,738-578-8391,50.0,4.0
578,2012-02-28 07:07:13.200,47,800-539-6964,31.25,8.0
579,2012-02-29 03:11:02.600,36,496-157-1659,50.0,2.0
580,2012-03-12 13:33:26.000,40,832-806-0855,80.0,10.0
581,2012-03-21 17:18:54.400,32,115-503-2624,45.0,8.0
582,2012-03-26 21:14:29.800,42,332-162-6561,30.0,7.0
583,2012-04-04 18:22:49.200,17,841-514-0733,50.0,9.0
584,2012-04-09 16:31:43.600,38,841-185-8167,80.0,1.0
585,2012-04-21 15:16:34.000,39,839-845-3377,50.0,4.0
586,2012-04-29 16:48:50.400,1,920-249-9540,31.25,6.0
587,2012-05-05 17:06:08.800,9,327-183-8704,50.0,5.0
588,2012-05-11 22:24:28.200,34,545-436-1753,264.0,10.0
589,2012-05-21 09:34:16.600,19,622-712-4795,330.0,9.0
590,2012-05-24 23:27:26.000,5,398-179-2819,330.0,9.0
591,2012-06-02 04:40:39.400,49,360-146-5268,140.0,2.0
592,2012-06-08 06:57:52.800,46,552-016-7528,330.0,9.0
593,2012-06-19 08:17:53.200,2,839-845-3377,17.25,1.0
594,2012-06-29 15:15:22.600,17,727-966-0828,17.25,10.0
595,2012-07-03 01:47:52.000,19,901-873-8611,40.25,9.0
596,2012-07-13 20:57:38.400,21,556-504-9560,57.75,4.0
597,2012-07-23 03:01:59.800,8,933-164-4896,32.2,2.0
598,2012-07-25 02:20:01.200,45,647-481-2314,825.0,5.0
599,2012-08-03 10:27:12.600,12,725-380-0217,6.9,7.0
600,2012-08-14 10:29:38.000,32,162-542-1920,28.75,8.0
601,2012-08-19 21:07:36.400,0,852-170-6651,31.25,10.0
602,2012-08-26 17:29:33.800,12,549-635-2732,80.0,2.0
603,2012-09-02 04:19:56.200,22,229-297-9879,30.0,4.0
604,2012-09-08 13:20:14.600,5,960-555-9427,100.0,9.0
605,2012-09-20 23:24:35.000,41,944-994-6993,35.0,10.0
606,2012-09-26 19:19:23.400,1,868-170-0087,50.0,2.0
607,2012-10-02 21:43:30.800,42,942-580-6507,28.75,2.0
608,2012-10-14 04:31:43.200,19,884-407-8157,6.9,10.0
609,2012-10-19 10:03:59.600,13,189-232-0915,30.0,2.0
610,2012-10-25 22:29:55.000,42,462-068-5480,30.0,1.0
611,2012-11-06 10:51:45.400,34,270-811-0591,31.25,10.0
612,2012-11-08 02:45:50.800,5,980-098-5516,825.0,5.0
613,2012-11-22 15:56:24.200,0,709-840-5862,50.0,2.0
614,2012-11-26 14:58:09.600,21,514-629-5037,50.0,4.0
615,2012-12-04 22:28:00.000,34,324-215-5785,6.9,4.0
616,2012-12-10 00:36:34.400,36,214-591-1719,825.0,6.0
617,2012-12-18 04:49:11.800,14,418-542-9329,825.0,4.0
618,2012-12-25 07:16:43.200,13,895-291-4275,18.0,10.0
619,2013-01-07 07:58:03.600,0,158-192-5968,45.0,9.0
620,2013-01-11 15:13:57.000,0,373-828-8136,825.0,5.0
621,2013-01-22 09:16:33.400,2,941-849-2603,660.0,1.0
622,2013-01-24 00:01:20.800,17,934-600-4796,31.25,6.0
623,2013-01-31 12:55:08.200,15,132-920-5524,90.0,9.0
624,2013-02-12 07:32:10.600,42,991-870-6721,330.0,1.0
625,2013-02-22 21:04:02.000,32,167-819-3496,825.0,8.0
626,2013-02-25 09:17:02.400,38,350-291-7783,24.0,1.0
627,2013-03-06 08:31:23.800,40,402-650-9343,140.0,7.0
628,2013-03-15 00:54:36.200,21,657-954-0489,57.75,4.0
629,2013-03-20 19:45:04.600,43,867-666-8548,57.75,8.0
630,2013-04-01 16:11:56.000,37,214-591-1719,40.25,3.0
631,2013-04-03 01:25:18.400,11,451-998-4256,140.0,4.0
632,2013-04-11 20:17:35.800,34,494-937-7509,18.0,6.0
633,2013-04-20 01:59:00.200,16,767-411-6326,35.0,2.0
634,2013-04-29 18:02:50.600,18,999-433-0685,330.0,1.0
635,2013-05-05 05:11:32.000,37,423-557-3499,90.0,6.0
636,2013-05-16 00:50:38.400,46,229-297-9879,17.25,9.0
637,2013-05-22 15:51:56.800,13,576-956-0061,50.0,5.0
638,2013-05-27 09:47:12.200,32,270-163-1210,660.0,8.0
639,2013-06-08 06:16:25.600,5,699-039-0180,6.210000000000001,8.0
640,2013-06-17 22:55:22.000,4,142-025-8549,140.0,7.0
641,2013-06-21 22:37:01.400,31,635-807-9464,80.0,3.0
642,2013-07-02 16:43:44.800,43,806-154-2232,140.0,4.0
643,2013-07-07 21:44:33.200,42,986-088-5913,28.75,10.0
644,2013-07-12 23:27:51.600,3,727-966-0828,6.210000000000001,3.0
645,2013-07-20 17:23:28.000,14,607-393-6912,126.0,4.0
646,2013-07-26 20:56:46.400,8,243-845-6140,21.6,4.0
647,2013-08-07 03:37:01.800,43,884-407-8157,57.75,9.0
648,2013-08-15 23:50:27.200,24,639-596-4329,18.0,4.0
649,2013-08-25 16:39:33.600,20,244-261-6450,72.0,9.0
650,2013-08-31 03:42:09.000,49,175-266-2402,28.0,6.0
651,2013-09-06 14:33:02.400,42,884-011-4729,18.0,1.0
652,2013-09-12 00:47:22.800,21,175-984-2563,31.25,2.0
653,2013-09-24 02:18:10.200,45,545-436-1753,264.0,10.0
654,2013-09-28 16:50:44.600,36,696-408-8608,17.25,6.0
655,2013-10-11 00:22:05.000,5,708-080-5828,18.0,2.0
656,2013-10-13 14:02:15.400,8,395-225-2049,100.0,10.0
657,2013-10-20 06:12:44.800,34,788-957-4051,28.0,7.0
658,2013-10-28 08:37:59.200,20,892-759-2051,18.0,5.0
659,2013-11-04 12:47:52.600,31,651-273-0891,40.0,7.0
660,2013-11-17 21:20:00.000,21,941-890-2211,30.0,9.0
661,2013-11-22 21:00:44.400,32,327-858-7659,28.125,3.0
662,2013-11-28 00:48:40.800,14,462-068-5480,57.75,7.0
663,2013-12-10 00:42:55.200,23,125-409-1798,57.75,10.0
664,2013-12-18 01:20:40.600,48,212-315-4347,40.25,8.0
665,2013-12-26 13:56:06.000,4,609-012-0702,51.975,4.0
666,2013-12-31 03:17:34.400,13,926-805-1334,57.75,8.0
667,2014-01-08 13:51:10.800,22,286-184-0334,6.9,3.0
668,2014-01-16 16:17:40.200,19,179-059-2844,32.2,5.0
669,2014-01-21 09:21:05.600,42,360-146-5268,30.0,10.0
670,2014-02-01 02:19:10.000,16,418-542-9329,6.9,8.0
671,2014-02-05 17:10:15.400,16,135-844-4485,30.0,9.0
672,2014-02-16 03:37:47.800,38,452-940-7907,17.25,6.0
673,2014-02-18 14:18:06.200,11,826-742-4185,140.0,4.0
674,2014-03-05 01:45:53.600,23,325-507-9874,25.0,3.0
675,2014-03-09 13:02:55.000,36,452-940-7907,80.0,1.0
676,2014-03-15 21:00:53.400,6,176-057-2994,57.75,2.0
677,2014-03-23 00:27:04.800,32,426-442-1534,35.0,5.0
678,2014-03-31 16:59:25.200,2,136-864-1845,24.0,5.0
679,2014-04-11 23:54:23.600,43,578-112-6285,30.0,9.0
680,2014-04-19 14:26:38.000,31,584-978-7206,57.75,4.0
681,2014-04-25 22:02:30.400,11,267-078-9646,30.0,8.0
682,2014-05-01 19:33:23.800,10,674-211-8967,140.0,6.0
683,2014-05-06 07:48:15.200,16,375-708-8426,330.0,6.0
684,2014-05-19 05:47:16.600,12,155-232-0236,6.9,7.0
685,2014-05-28 18:31:00.000,37,812-799-2221,80.0,5.0
686,2014-06-01 18:22:33.400,5,630-294-1971,21.6,4.0
687,2014-06-06 14:39:30.800,5,764-124-1912,57.75,7.0
688,2014-06-14 09:39:09.200,12,920-249-9540,17.25,6.0
689,2014-06-27 22:28:31.600,17,734-046-4929,18.0,9.0
690,2014-07-04 14:15:02.000,28,163-906-6246,23.0,7.0
691,2014-07-08 13:01:24.400,19,968-634-3043,80.0,8.0
692,2014-07-17 08:23:53.800,6,573-144-9892,31.5,3.0
693,2014-07-29 01:02:22.200,48,350-291-7783,15.525,3.0
694,2014-08-01 02:24:49.600,11,607-393-6912,825.0,7.0
695,2014-08-07 04:34:57.000,7,675-902-9107,80.0,8.0
696,2014-08-16 18:04:54.400,38,891-343-6694,6.210000000000001,8.0
697,2014-08-23 17:03:26.800,31,530-482-4004,35.0,7.0
698,2014-08-29 22:19:10.200,19,147-488-0989,126.0,7.0
699,2014-09-12 05:40:28.600,47,991-870-6721,825.0,10.0
700,2014-09-14 15:13:58.000,31,585-385-5352,30.0,10.0
701,2014-09-25 04:11:24.400,12,116-895-8825,825.0,1.0
702,2014-10-03 07:38:34.800,31,408-413-6613,32.2,1.0
703,2014-10-10 16:57:34.200,34,368-466-8873,50.0,9.0
704,2014-10-19 05:50:23.600,28,504-404-1155,80.0,4.0
705,2014-10-23 10:14:31.000,5,584-069-4864,57.75,3.0
706,2014-11-01 13:02:07.400,14,498-746-3716,18.0,6.0
707,2014-11-13 12:30:13.800,25,634-811-2387,31.25,9.0
708,2014-11-21 07:13:43.200,26,536-028-4365,17.25,8.0
709,2014-11-22 13:24:05.600,13,563-260-7875,24.0,1.0
710,2014-11-29 17:44:49.000,5,449-549-5850,742.5,2.0
711,2014-12-12 23:15:57.400,5,812-799-2221,24.0,5.0
712,2014-12-15 09:59:41.800,9,995-867-6840,825.0,6.0
713,2014-12-28 12:03:23.200,47,995-867-6840,23.0,7.0
714,2015-01-04 13:28:09.600,23,307-658-9775,330.0,10.0
715,2015-01-11 05:27:20.000,34,143-365-0067,27.0,1.0
716,2015-01-17 20:26:33.400,34,346-009-9744,18.0,6.0
717,2015-01-26 07:14:39.800,9,318-053-9034,100.0,2.0
718,2015-02-01 18:01:53.200,25,332-162-6561,17.25,6.0
719,2015-02-08 23:06:11.600,23,545-436-1753,35.0,9.0
720,2015-02-20 07:34:40.000,8,637-873-4099,18.0,2.0
721,2015-02-25 08:15:13.400,35,147-488-0989,35.0,10.0
722,2015-03-08 22:47:08.800,8,776-884-5520,40.25,9.0
723,2015-03-10 18:14:49.200,13,119-980-5941,297.0,4.0
724,2015-03-23 02:04:47.600,25,426-442-1534,31.25,1.0
725,2015-03-25 03:39:21.000,20,368-466-8873,17.25,4.0
726,2015-04-05 23:46:46.400,5,150-173-2345,40.25,6.0
727,2015-04-13 00:43:00.800,37,324-215-5785,90.0,9.0
728,2015-04-18 01:09:36.200,48,244-261-6450,35.0,2.0
729,2015-04-24 17:02:59.600,44,727-472-2839,660.0,6.0
730,2015-05-02 16:04:56.000,39,826-146-3690,330.0,4.0
731,2015-05-12 19:03:34.400,2,695-417-9406,24.0,5.0
732,2015-05-20 12:56:09.800,1,529-198-8247,330.0,6.0
733,2015-05-28 00:21:48.200,20,359-775-9980,64.0,8.0
734,2015-06-03 06:11:27.600,37,256-237-4537,50.0,5.0
735,2015-06-12 13:50:01.000,11,990-505-3792,17.25,3.0
736,2015-06-23 02:44:33.400,19,807-034-3972,28.0,1.0
737,2015-06-27 12:00:00.800,31,607-393-6912,30.0,2.0
738,2015-07-06 01:12:32.200,11,954-852-1491,30.0,6.0
739,2015-07-10 15:33:48.600,39,968-634-3043,140.0,10.0
740,2015-07-19 13:52:15.000,15,470-253-9627,825.0,3.0
741,2015-07-26 08:41:22.400,13,453-624-0316,30.0,8.0
742,2015-08-08 04:17:53.800,13,634-919-7125,50.0,2.0
743,2015-08-12 00:30:31.200,47,642-068-3094,264.0,6.0
744,2015-08-17 22:51:02.600,32,350-795-1039,46.2,1.0
745,2015-08-29 19:05:49.000,11,879-694-6194,100.0,1.0
746,2015-09-09 02:25:52.400,30,193-702-2535,80.0,7.0
747,2015-09-13 12:27:47.800,21,384-987-9163,17.25,3.0
748,2015-09-19 18:02:39.200,42,788-957-4051,31.25,10.0
749,2015-10-01 23:35:28.600,32,990-505-3792,35.0,6.0
750,2015-10-04 19:12:22.000,28,547-492-3170,140.0,10.0
751,2015-10-13 19:39:06.400,1,347-561-0842,80.0,1.0
752,2015-10-23 02:29:30.800,34,555-814-8366,6.9,10.0
753,2015-10-29 20:29:09.200,33,244-261-6450,80.0,10.0
754,2015-11-05 16:40:35.600,41,390-966-2897,17.25,6.0
755,2015-11-14 09:58:47.000,9,147-488-0989,28.75,9.0
756,2015-11-21 14:37:04.400,34,179-629-1046,17.25,2.0
757,2015-11-30 18:38:50.800,25,406-053-6853,660.0,9.0
758,2015-12-09 21:13:09.200,0,761-731-6335,50.0,6.0
759,2015-12-17 18:49:14.600,31,500-625-2236,19.200000000000003,2.0
760,2015-12-25 01:38:34.000,45,884-407-8157,57.75,7.0
761,2015-12-30 19:26:07.400,1,658-393-4046,50.0,2.0
762,2016-01-05 17:43:20.800,37,289-385-8141,80.0,6.0
763,2016-01-17 11:32:39.200,31,339-643-8604,297.0,9.0
764,2016-01-24 01:44:39.600,34,101-491-6210,30.0,10.0
765,2016-01-26 15:17:45.000,14,604-977-6562,30.0,4.0
766,2016-02-02 20:58:42.400,31,711-048-1551,25.875,10.0
767,2016-02-13 19:03:04.800,31,361-935-9310,51.975,5.0
768,2016-02-22 22:05:25.200,33,993-977-5170,80.0,3.0
769,2016-02-27 23:08:08.600,14,270-811-0591,72.0,4.0
770,2016-03-08 14:51:44.000,13,826-742-4185,24.0,6.0
771,2016-03-14 05:44:56.400,5,492-361-9984,18.0,6.0
772,2016-03-23 02:43:53.800,37,397-913-8405,825.0,10.0
773,2016-03-26 22:36:07.200,18,150-173-2345,35.0,6.0
774,2016-04-04 20:21:10.600,15,444-487-2730,28.75,7.0
775,2016-04-12 22:30:34.000,11,214-591-1719,264.0,3.0
776,2016-04-21 19:37:22.400,34,175-266-2402,100.0,4.0
777,2016-05-03 02:37:49.800,46,831-818-2011,15.525,5.0
778,2016-05-04 14:49:57.200,23,278-889-4055,825.0,7.0
779,2016-05-12 11:05:49.600,49,559-378-1293,27.0,2.0
780,2016-05-22 19:44:19.000,47,993-969-1741,40.25,2.0
781,2016-05-27 02:20:46.400,5,752-895-2717,140.0,8.0
782,2016-06-05 03:18:20.800,34,444-487-2730,80.0,6.0
783,2016-06-13 03:03:49.200,26,209-288-2545,50.0,6.0
784,2016-06-20 05:25:09.600,38,551-328-4562,31.25,10.0
785,2016-06-27 19:51:55.000,38,944-994-6993,330.0,2.0
786,2016-07-05 15:16:01.400,27,553-073-7598,24.0,4.0
787,2016-07-16 06:06:37.800,32,261-917-4325,100.0,8.0
788,2016-07-27 00:15:16.200,41,824-733-8728,18.0,4.0
789,2016-07-28 17:00:09.600,3,932-263-5048,6.9,1.0
790,2016-08-11 00:41:24.000,2,418-220-0663,18.0,3.0
791,2016-08-18 10:07:14.400,0,590-609-4258,100.0,7.0
792,2016-08-25 22:16:01.800,24,498-746-3716,35.0,1.0
793,2016-08-31 12:56:58.200,23,578-112-6285,40.25,2.0
794,2016-09-10 13:45:50.600,24,312-787-5092,40.25,6.0
795,2016-09-17 21:45:58.000,39,162-956-1104,30.0,2.0
796,2016-09-20 22:08:07.400,35,941-890-2211,6.9,2.0
797,2016-09-28 01:06:30.800,12,590-609-4258,28.125,5.0
798,2016-10-06 03:26:02.200,47,463-192-6987,57.75,4.0
799,2016-10-12 15:19:51.600,31,635-807-9464,140.0,9.0
800,2016-10-27 02:15:12.000,38,266-998-5646,24.0,1.0
801,2016-10-29 03:34:46.400,5,189-232-0915,17.25,9.0
802,2016-11-07 01:28:33.800,1,544-931-6915,30.0,10.0
803,2016-11-13 10:04:08.200,45,676-260-4530,140.0,3.0
804,2016-11-22 18:46:35.600,47,189-904-7006,13.8,3.0
805,2016-11-28 22:23:17.000,5,339-221-3726,30.0,4.0
806,2016-12-11 03:27:44.400,34,709-840-5862,80.0,9.0
807,2016-12-13 08:00:04.800,16,995-867-6840,24.0,9.0
808,2016-12-21 21:32:45.200,33,490-499-4656,50.0,3.0
809,2017-01-01 08:41:03.600,28,408-413-6613,330.0,3.0
810,2017-01-05 16:36:33.000,47,986-088-5913,825.0,5.0
811,2017-01-16 18:29:26.400,0,548-338-6557,825.0,8.0
812,2017-01-20 18:52:52.800,0,149-649-7129,6.9,7.0
813,2017-01-29 19:33:18.200,7,880-179-7972,23.0,2.0
814,2017-02-05 02:45:23.600,1,657-954-0489,16.2,9.0
815,2017-02-12 11:44:32.000,23,227-343-6911,40.25,5.0
816,2017-02-24 22:41:33.400,47,977-674-6380,51.975,8.0
817,2017-03-05 13:09:11.800,9,391-201-5289,16.2,5.0
818,2017-03-09 16:59:34.200,5,414-340-3398,35.0,6.0
819,2017-03-15 15:45:27.600,14,549-635-2732,140.0,10.0
820,2017-03-28 05:27:17.000,24,101-195-5852,40.25,10.0
821,2017-04-03 18:25:41.400,37,709-840-5862,18.0,3.0
822,2017-04-10 07:55:19.800,1,251-993-4858,40.25,10.0
823,2017-04-15 12:35:06.200,13,202-273-5630,40.25,1.0
824,2017-04-27 10:23:33.600,32,879-694-6194,51.975,2.0
825,2017-05-02 20:15:32.000,21,428-514-7933,24.0,6.0
826,2017-05-07 18:47:27.400,14,724-850-3155,28.75,10.0
827,2017-05-16 05:17:04.800,1,551-328-4562,35.0,6.0
828,2017-05-27 14:29:03.200,19,615-940-9612,50.0,6.0
829,2017-06-05 19:02:28.600,15,853-152-5606,57.75,8.0
830,2017-06-13 22:42:47.000,16,674-464-3968,80.0,10.0
831,2017-06-20 20:14:19.400,7,452-940-7907,24.0,3.0
832,2017-06-24 17:05:39.800,14,642-068-3094,28.125,1.0
833,2017-07-05 12:20:44.200,22,730-439-5534,28.75,5.0
834,2017-07-13 00:05:22.600,24,635-807-9464,24.0,1.0
835,2017-07-16 03:52:13.000,0,852-170-6651,6.9,10.0
836,2017-07-26 15:37:20.400,5,788-957-4051,31.25,8.0
837,2017-08-03 11:52:49.800,4,627-578-1650,330.0,5.0
838,2017-08-13 22:21:35.200,37,479-189-0187,80.0,4.0
839,2017-08-16 16:25:47.600,43,609-012-0702,660.0,5.0
840,2017-08-24 14:41:07.000,5,921-682-2035,80.0,4.0
841,2017-09-01 01:15:26.400,7,554-221-1309,57.75,9.0
842,2017-09-13 07:33:59.800,10,270-811-0591,21.6,10.0
843,2017-09-16 15:21:23.200,13,944-994-6993,112.0,6.0
844,2017-09-27 17:37:32.600,22,182-041-2861,50.0,1.0
845,2017-09-30 07:12:55.000,8,490-499-4656,30.0,8.0
846,2017-10-09 03:08:04.400,25,266-998-5646,6.9,2.0
847,2017-10-21 08:10:06.800,31,727-472-2839,17.25,8.0
848,2017-10-23 06:06:55.200,18,968-635-5173,50.0,9.0
849,2017-11-04 22:02:22.600,2,433-140-7146,50.0,1.0
850,2017-11-07 18:52:42.000,10,801-603-4272,57.75,8.0
851,2017-11-18 16:10:44.400,9,824-733-8728,57.75,1.0
852,2017-11-27 19:48:12.800,5,863-616-4046,100.0,1.0
853,2017-12-06 22:18:11.200,46,163-906-6246,31.25,9.0
854,2017-12-09 23:42:20.600,31,158-192-5968,50.0,1.0
855,2017-12-22 22:47:48.000,5,615-940-9612,72.0,5.0
856,2017-12-23 20:38:22.400,46,490-783-9689,80.0,6.0
857,2018-01-06 03:47:21.800,16,193-702-2535,16.2,9.0
858,2018-01-14 09:32:53.200,5,585-385-5352,40.25,6.0
859,2018-01-22 07:31:17.600,15,926-805-1334,28.0,5.0
860,2018-01-29 18:20:59.000,23,968-634-3043,28.75,9.0
861,2018-02-04 05:31:45.400,23,332-162-6561,24.0,9.0
862,2018-02-07 10:03:34.800,48,197-391-1688,6.210000000000001,2.0
863,2018-02-21 08:21:56.200,2,402-650-9343,80.0,1.0
864,2018-02-28 05:34:18.600,42,867-666-8548,17.25,4.0
865,2018-03-07 18:34:15.000,25,224-610-1693,18.0,8.0
866,2018-03-12 15:17:20.400,26,252-374-8077,825.0,7.0
867,2018-03-18 01:03:39.800,14,514-629-5037,100.0,10.0
868,2018-03-28 04:03:22.200,8,439-617-8803,30.0,2.0
869,2018-04-07 08:23:56.600,38,831-070-7458,100.0,3.0
870,2018-04-13 14:02:04.000,23,850-781-6544,18.0,8.0
871,2018-04-23 10:10:19.400,47,943-702-6862,50.0,6.0
872,2018-04-26 02:40:38.800,31,905-509-3937,25.875,5.0
873,2018-05-09 18:25:06.200,31,135-831-7751,40.25,9.0
874,2018-05-12 20:18:43.600,12,607-725-4267,18.0,4.0
875,2018-05-22 05:31:30.000,22,371-573-9188,50.0,2.0
876,2018-05-29 22:40:52.400,2,545-436-1753,825.0,10.0
877,2018-06-08 04:29:06.800,25,158-192-5968,25.875,1.0
878,2018-06-12 07:43:26.200,47,496-157-1659,57.75,4.0
879,2018-06-24 14:07:47.600,17,521-962-6426,825.0,1.0
880,2018-06-29 07:18:36.000,42,162-542-1920,140.0,9.0
881,2018-07-05 07:25:13.400,3,186-112-0706,660.0,2.0
882,2018-07-18 10:49:01.800,19,903-236-0766,825.0,9.0
883,2018-07-21 01:49:07.200,21,451-365-2122,126.0,2.0
884,2018-07-30 02:25:22.600,32,634-811-2387,30.0,3.0
885,2018-08-05 23:05:28.000,0,734-490-0537,6.9,3.0
886,2018-08-11 04:36:24.400,43,554-465-2130,28.75,8.0
887,2018-08-18 08:35:04.800,37,981-563-5053,330.0,5.0
888,2018-08-29 23:38:03.200,17,674-429-1197,17.25,9.0
889,2018-09-02 18:45:05.600,6,522-972-7522,30.0,7.0
890,2018-09-16 22:03:34.000,11,107-253-5669,297.0,7.0
891,2018-09-19 19:02:21.400,39,183-801-8146,825.0,10.0
892,2018-10-01 05:31:13.800,18,188-301-4008,825.0,5.0
893,2018-10-09 01:17:10.200,46,210-429-9522,57.75,9.0
894,2018-10-15 03:10:07.600,6,162-542-1920,80.0,9.0
895,2018-10-23 20:32:27.000,21,350-291-7783,31.25,9.0
896,2018-10-27 06:35:19.400,9,531-965-5524,17.25,2.0
897,2018-11-04 14:03:47.800,36,551-811-1282,80.0,8.0
898,2018-11-17 17:37:43.200,39,822-493-2059,19.200000000000003,8.0
899,2018-11-20 21:42:29.600,13,491-809-1838,825.0,9.0
900,2018-11-27 04:19:53.000,21,993-977-5170,25.0,7.0
901,2018-12-05 18:34:40.400,13,120-577-3239,25.875,9.0
902,2018-12-13 14:06:07.800,39,202-720-1871,24.0,3.0
903,2018-12-25 18:53:38.200,15,686-289-4989,40.25,6.0
904,2018-12-28 20:08:47.600,13,188-301-4008,35.0,1.0
905,2019-01-03 18:08:18.000,42,999-532-0134,140.0,10.0
906,2019-01-17 01:12:02.400,15,622-712-4795,16.2,5.0
907,2019-01-25 09:38:00.800,22,884-011-4729,80.0,9.0
908,2019-01-27 16:43:55.200,39,233-830-3203,40.25,4.0
909,2019-02-08 15:25:43.600,49,428-464-1272,64.0,3.0
910,2019-02-12 09:30:43.000,19,623-199-7594,64.0,2.0
911,2019-02-19 03:41:59.400,11,182-041-2861,80.0,9.0
912,2019-02-28 06:30:21.800,21,573-144-9892,24.0,7.0
913,2019-03-07 15:54:07.200,13,852-348-9194,140.0,3.0
914,2019-03-17 06:20:02.600,1,414-340-3398,100.0,1.0
915,2019-03-24 04:19:35.000,47,708-577-4608,17.25,1.0
916,2019-03-30 06:52:07.400,5,210-429-9522,35.0,3.0
917,2019-04-09 18:33:55.800,47,428-514-7933,112.0,2.0
918,2019-04-14 19:55:12.200,0,433-091-7154,23.0,8.0
919,2019-04-27 12:55:53.600,47,393-607-4416,57.75,8.0
920,2019-05-05 07:12:44.000,22,727-472-2839,330.0,3.0
921,2019-05-07 13:32:16.400,0,884-011-4729,18.0,1.0
922,2019-05-16 10:13:48.800,37,290-960-3858,31.25,7.0
923,2019-05-28 18:44:40.200,31,158-192-5968,18.0,1.0
924,2019-05-29 10:48:48.600,46,197-391-1688,330.0,10.0
925,2019-06-06 14:55:53.000,45,169-743-1077,140.0,5.0
926,2019-06-19 00:54:20.400,13,447-531-3985,35.0,4.0
927,2019-06-21 02:02:27.800,13,852-312-4204,19.200000000000003,8.0
928,2019-06-29 22:05:35.200,8,495-350-8307,35.0,6.0
929,2019-07-10 12:03:22.600,8,609-612-5090,17.25,9.0
930,2019-07-19 06:34:50.000,23,328-529-2220,80.0,1.0
931,2019-07-22 15:44:45.400,12,883-852-6314,330.0,9.0
932,2019-08-05 05:54:30.800,7,561-520-7183,100.0,1.0
933,2019-08-07 11:10:14.200,28,662-108-0124,35.0,4.0
934,2019-08-19 17:47:41.600,23,107-049-9566,57.75,1.0
935,2019-08-22 00:10:45.000,19,852-312-4204,6.9,3.0
936,2019-08-31 22:53:29.400,34,925-520-8209,825.0,7.0
937,2019-09-11 17:56:38.800,1,433-140-7146,25.875,6.0
938,2019-09-13 16:50:31.200,6,243-845-6140,35.0,9.0
939,2019-09-28 13:04:00.600,12,630-294-1971,100.0,5.0
940,2019-10-02 11:29:41.000,36,500-625-2236,17.25,4.0
941,2019-10-07 20:53:02.400,39,522-972-7522,18.0,9.0
942,2019-10-19 16:35:14.800,2,559-775-7144,80.0,3.0
943,2019-10-26 21:36:07.200,38,408-849-4846,40.25,10.0
944,2019-11-02 10:18:20.600,38,366-671-1393,23.0,6.0
945,2019-11-09 07:10:48.000,3,511-005-1310,6.9,5.0
946,2019-11-14 21:36:08.400,3,101-195-5852,100.0,4.0
947,2019-11-25 02:53:31.800,34,288-262-7152,100.0,2.0
948,2019-12-06 16:34:33.200,3,892-759-2051,330.0,2.0
949,2019-12-09 09:35:39.600,0,135-831-7751,90.0,3.0
950,2019-12-17 13:56:07.000,43,332-162-6561,330.0,6.0
951,2019-12-26 08:59:30.400,16,500-625-2236,35.0,6.0
952,2020-01-06 04:39:07.800,21,645-093-8959,825.0,8.0
953,2020-01-08 23:04:38.200,10,695-417-9406,50.0,4.0
954,2020-01-14 14:55:09.600,25,176-057-2994,21.6,10.0
955,2020-01-28 16:18:17.000,23,645-093-8959,330.0,6.0
956,2020-02-05 04:22:35.400,47,544-931-6915,80.0,5.0
957,2020-02-13 10:23:22.800,42,319-549-0827,50.0,6.0
958,2020-02-20 11:25:03.200,37,264-150-7306,28.75,7.0
959,2020-02-26 04:01:15.600,47,576-956-0061,17.25,5.0
960,2020-02-29 11:08:42.000,46,727-966-0828,50.0,10.0
961,2020-03-09 18:38:55.400,6,264-493-6852,40.25,1.0
962,2020-03-15 12:52:36.800,25,984-601-6442,40.0,5.0
963,2020-03-27 10:21:00.200,13,418-220-0663,30.0,7.0
964,2020-04-05 09:06:37.600,4,933-744-5024,140.0,2.0
965,2020-04-14 10:06:01.000,21,479-189-0187,80.0,5.0
966,2020-04-20 15:50:41.400,0,467-440-0864,57.75,9.0
967,2020-04-27 05:40:17.800,24,150-765-1579,28.75,3.0
968,2020-05-05 13:52:51.200,0,794-734-8721,100.0,9.0
969,2020-05-08 12:20:19.600,37,658-393-4046,64.0,10.0
970,2020-05-23 03:28:16.000,20,339-221-3726,112.0,5.0
971,2020-05-26 04:05:51.400,24,578-112-6285,330.0,3.0
972,2020-06-04 22:08:30.800,31,792-625-6377,50.0,1.0
973,2020-06-15 04:39:32.200,10,653-663-7720,297.0,7.0
974,2020-06-19 05:15:54.600,38,980-098-5516,40.25,1.0
975,2020-06-30 10:36:20.000,43,360-146-5268,100.0,10.0
976,2020-07-05 01:56:08.400,38,559-378-1293,30.0,7.0
977,2020-07-12 16:01:35.800,43,651-273-0891,330.0,1.0
978,2020-07-21 19:49:14.200,18,646-637-3520,6.9,3.0
979,2020-07-30 00:55:54.600,31,776-884-5520,72.0,10.0
980,2020-08-05 20:22:43.000,12,361-022-0738,825.0,8.0
981,2020-08-10 14:02:05.400,8,871-150-3399,17.25,3.0
982,2020-08-20 09:29:43.800,36,968-634-3043,25.0,1.0
983,2020-08-27 20:18:57.200,37,173-572-5541,80.0,6.0
984,2020-09-04 11:14:16.600,34,826-213-6047,27.0,3.0
985,2020-09-08 04:55:08.000,3,993-969-1741,28.75,4.0
986,2020-09-15 19:01:24.400,46,212-315-4347,28.125,5.0
987,2020-09-26 22:46:13.800,11,178-630-2783,17.25,10.0
988,2020-10-03 00:33:40.200,14,184-062-4721,24.0,10.0
989,2020-10-12 19:04:30.600,11,529-198-8247,330.0,8.0
990,2020-10-20 10:45:30.000,34,548-338-6557,57.75,1.0
991,2020-10-31 08:04:24.400,3,188-301-4008,64.0,5.0
992,2020-11-06 20:02:34.800,23,189-904-7006,40.25,5.0
993,2020-11-08 14:03:45.200,25,990-505-3792,72.0,10.0
994,2020-11-16 23:30:17.600,18,552-016-7528,100.0,1.0
995,2020-11-30 11:40:08.000,36,490-499-4656,18.0,5.0
996,2020-12-07 04:39:41.400,2,224-610-1693,825.0,8.0
997,2020-12-15 06:13:01.800,46,117-531-2838,825.0,10.0
998,2020-12-18 23:20:37.200,4,830-229-8264,6.9,1.0
999,2020-12-28 21:30:23.600,37,989-761-7974,140.0,7.0
